{
  "users": {
    "6283120933228@s.whatsapp.net": {
      "serialNumber": "aade4fbfaedfa8524ec8ee1b7af84b4e",
      "title": "Premium",
      "afkTime": -1,
      "badword": 0,
      "afkReason": "",
      "nick": "Riyanto",
      "premium": "true",
      "limit": 1000,
      "totalLimit": 0
    },
    "6283120933227@s.whatsapp.net": {
      "serialNumber": "3fa64533eb5492aafc7ea480389125ed",
      "title": "Premium",
      "afkTime": -1,
      "badword": 0,
      "afkReason": "",
      "nick": "WhatsApp ID",
      "premium": "true",
      "limit": 1000,
      "totalLimit": 0
    },
    "6283142917816@s.whatsapp.net": {
      "serialNumber": "a57d153567885ecdcd993b2bd13e977e",
      "title": "User",
      "afkTime": -1,
      "badword": 0,
      "afkReason": "",
      "nick": "Rizki",
      "premium": false,
      "limit": 100,
      "totalLimit": 0
    },
    "62856697471300@s.whatsapp.net": {
      "serialNumber": "1aad80d93075278c0470b0b79a3a20d3",
      "title": "User",
      "afkTime": -1,
      "badword": 0,
      "afkReason": "",
      "nick": "tuvelaves1708",
      "premium": false,
      "limit": 100,
      "totalLimit": 0
    },
    "62881026724643@s.whatsapp.net": {
      "serialNumber": "d7617cb1e4e3c51ee49ca0e1096b0db7",
      "title": "User",
      "afkTime": -1,
      "badword": 0,
      "afkReason": "",
      "nick": "Yori Chan",
      "premium": false,
      "limit": 100,
      "totalLimit": 0
    },
    "6281228233753@s.whatsapp.net": {
      "serialNumber": "ba3544bcbd0eea9f8ebf12f66d629cd2",
      "title": "User",
      "afkTime": -1,
      "badword": 0,
      "afkReason": "",
      "nick": "Zero Two Project",
      "premium": false,
      "limit": 100,
      "totalLimit": 0
    }
  },
  "database": {},
  "chats": {
    "120363320288671728@g.us": {
      "badword": false,
      "antiforeignnum": false,
      "antibot": false,
      "antiviewonce": false,
      "antispam": false,
      "antivirtex": false,
      "antimedia": false,
      "antiimage": false,
      "antivideo": false,
      "antiaudio": false,
      "antipoll": false,
      "antisticker": false,
      "antilocation": false,
      "antidocument": false,
      "anticontact": false,
      "antilink": false,
      "antipromotion": false,
      "antilinkgc": false
    },
    "120363305048023810@g.us": {
      "badword": false,
      "antiforeignnum": false,
      "antibot": false,
      "antiviewonce": false,
      "antispam": false,
      "antivirtex": false,
      "antimedia": false,
      "antiimage": false,
      "antivideo": false,
      "antiaudio": false,
      "antipoll": false,
      "antisticker": false,
      "antilocation": false,
      "antidocument": false,
      "anticontact": false,
      "antilink": false,
      "antipromotion": false,
      "antilinkgc": false
    }
  },
  "game": {
    "petakbom": [],
    "kuis": [],
    "siapakahaku": [],
    "asahotak": [],
    "susunkata": [],
    "caklontong": [],
    "family100": [],
    "tebaklirik": [],
    "tebaklagu": [],
    "tebakgambar": [],
    "tebakkimia": [],
    "tebakkata": [],
    "tebakkalimat": [],
    "tebakbendera": [],
    "tebakanime": [],
    "math": []
  },
  "settings": {
    "6283120933227@s.whatsapp.net": {
      "totalhit": 16,
      "totalError": 0,
      "online": false,
      "autosticker": false,
      "autodownload": false,
      "autobio": false,
      "autoread": false,
      "autoblocknum": false,
      "onlyindia": false,
      "onlyindo": false,
      "onlygrub": false,
      "onlypc": false,
      "autorecordtype": false,
      "autorecord": false,
      "autotype": false,
      "watermark": {
        "packname": "Sticker By",
        "author": "Khoirul\n\n+6283120933228"
      },
      "about": {
        "bot": {
          "nick": "WhatsApp ID",
          "alias": "BOTZ"
        },
        "owner": {
          "nick": "Riyanto",
          "alias": "6283120933228"
        }
      }
    }
  },
  "message": {},
  "sticker": {},
  "others": {
    "vote": []
  }
}